{
  "assetsByChunkName": {
    "vendors~app-account~app-checkout~app-confirmation~app-order": "chunk.0f342dd6d825db4f0f69.js",
    "vendors~app-account~app-confirmation~app-order": "chunk.de1ec5bc5971d57b3493.js",
    "vendors~app-account~app-checkout": "chunk.46880c4edac428fc44c6.js",
    "vendors~app-cart~app-checkout": "chunk.87aa7f472fdefeb1f696.js",
    "admin": [
      "admin.7b919df748002624d306.js",
      "admin.7b919df748002624d306.js.map"
    ],
    "app-account": "chunk.cc09d673b3bee6a9dde4.js",
    "app-cart": "chunk.74a926a6ef3cf14b68ee.js",
    "app-checkout": "chunk.ce703210262a311b613a.js",
    "app-confirmation": "chunk.4135560a83b9e627699d.js",
    "app-order": "chunk.ced18cb63053f1ce7861.js",
    "checkout": [
      "checkout.b7304a5f187eb127a37b.js",
      "checkout.b7304a5f187eb127a37b.js.map"
    ],
    "storefront": [
      "storefront.e2036c9ee653fe5d88f7.css",
      "storefront.15d4e0939c087a0a1a54.js",
      "storefront.e2036c9ee653fe5d88f7.css.map",
      "storefront.15d4e0939c087a0a1a54.js.map"
    ],
    "vendors~app-cart": "chunk.8e46de31d3e3208fced2.js"
  }
}