{
  "meta_title": "",
  "meta_description": "",
  "sections": [
    {
      "type": "banners-grid",
      "banners": [
        {
          "img": "/img/uploads/appliance-firewall.png",
          "mobile_img": "/img/uploads/appliance-firewall.png",
          "link": "/video-conferencia",
          "alt": ""
        },
        {
          "img": "/img/uploads/2.png",
          "mobile_img": "/img/uploads/2.png",
          "link": "/ferramentastestadores",
          "alt": ""
        },
        {
          "img": "/img/uploads/fale-conosco.png",
          "mobile_img": "/img/uploads/fale-conosco.png",
          "link": "/",
          "alt": ""
        }
      ]
    },
    {
      "type": "brands-carousel",
      "limit": 24,
      "offset": 0,
      "sort": "name"
    },
    {
      "type": "collection-shelf",
      "shuffle": true,
      "collection_id": null,
      "sort": "sales",
      "title": "Os favoritos | de nossos clientes",
      "limit": 12,
      "page": 1
    },
    {
      "type": "collection-shelf",
      "shuffle": true,
      "limit": 12,
      "page": 1,
      "sort": "news",
      "title": "Novidades | Quentinhas"
    },
    {
      "type": "responsive-banner",
      "img": "/img/uploads/banner-suporte.jpg",
      "mobile_img": "/img/uploads/banner-suporte.jpg",
      "link": "suportes"
    },
    {
      "type": "collection-shelf",
      "shuffle": true,
      "limit": 12,
      "page": 1,
      "title": "Promoções | imperdíveis"
    },
    {
      "type": "banners-grid",
      "banners": [
        {
          "img": "/img/uploads/12312312.png",
          "mobile_img": "/img/uploads/12312312.png",
          "link": "/videowall",
          "alt": ""
        },
        {
          "img": "/img/uploads/121233123w21.png",
          "mobile_img": "/img/uploads/121233123w21.png",
          "link": "/video-conferencia",
          "alt": ""
        },
        {
          "img": "/img/uploads/4.png",
          "mobile_img": "/img/uploads/4.png",
          "link": "/conversores-automacao",
          "alt": ""
        },
        {
          "img": "/img/uploads/b-3-.png",
          "mobile_img": "/img/uploads/b-3-.png",
          "link": "/ferramentastestadores",
          "alt": ""
        },
        {
          "img": "/img/uploads/b-2-.png",
          "mobile_img": "/img/uploads/b-2-.png",
          "link": "/firewall",
          "alt": ""
        },
        {
          "img": "/img/uploads/titulo.png",
          "mobile_img": "/img/uploads/titulo.png",
          "link": "/",
          "alt": ""
        }
      ]
    },
    {
      "type": "blog",
      "enabled": true
    }
  ]
}